StateCode,CaseNum,CaseDate,CaseType
AL,1,2/24/16,US0001
AL,1,3/2/16,US0001
AL,1,3/9/16,US0001
AL,1,3/16/16,US0001
AL,2,3/23/16,US0001
AL,2,4/6/16,US0001
AL,2,4/13/16,US0001
AL,2,4/20/16,US0001
AL,2,4/27/16,US0001
AL,2,5/4/16,US0001
AL,2,5/11/16,US0001
AL,2,5/18/16,US0001
AL,2,5/25/16,US0001
AL,2,6/1/16,US0001
AL,2,6/8/16,US0001
AL,2,6/15/16,US0001
AL,2,6/22/16,US0001
AL,2,6/29/16,US0001
AL,2,7/6/16,US0001
AL,2,7/13/16,US0001
AL,9,7/27/16,US0001
AL,11,8/3/16,US0001
AL,11,8/10/16,US0001
AL,11,8/17/16,US0001
AL,15,8/24/16,US0001
AL,24,8/31/16,US0001
AL,24,9/7/16,US0001
AL,24,9/14/16,US0001
AL,0,2/24/16,US0002
AL,0,3/2/16,US0002
AL,0,3/9/16,US0002
AL,0,3/16/16,US0002
AL,0,3/23/16,US0002
AL,0,4/6/16,US0002
AL,0,4/13/16,US0002
AL,0,4/20/16,US0002
AL,0,4/27/16,US0002
AL,0,5/4/16,US0002
AL,0,5/11/16,US0002
AL,0,5/18/16,US0002
AL,0,5/25/16,US0002
AL,0,6/1/16,US0002
AL,0,6/8/16,US0002
AL,0,6/15/16,US0002
AL,0,6/22/16,US0002
AL,0,6/29/16,US0002
AL,0,7/6/16,US0002
AL,0,7/13/16,US0002
AL,0,7/27/16,US0002
AL,0,8/3/16,US0002
AL,0,8/10/16,US0002
AL,0,8/17/16,US0002
AL,0,8/24/16,US0002
AL,0,8/31/16,US0002
AL,0,9/7/16,US0002
AL,0,9/14/16,US0002
AS,0,2/24/16,US0001
AS,0,3/2/16,US0001
AS,0,3/9/16,US0001
AS,0,3/16/16,US0001
AS,0,3/23/16,US0001
AS,0,3/30/16,US0001
AS,0,4/6/16,US0001
AS,0,4/13/16,US0001
AS,0,4/20/16,US0001
AS,0,4/27/16,US0001
AS,0,5/4/16,US0001
AS,0,5/11/16,US0001
AS,0,5/18/16,US0001
AS,0,5/25/16,US0001
AS,0,6/1/16,US0001
AS,0,6/8/16,US0001
AS,0,6/15/16,US0001
AS,0,6/22/16,US0001
AS,0,6/29/16,US0001
AS,0,7/6/16,US0001
AS,2,7/13/16,US0001
AS,2,7/27/16,US0001
AS,0,8/3/16,US0001
AS,0,8/10/16,US0001
AS,0,8/17/16,US0001
AS,0,8/24/16,US0001
AS,0,8/31/16,US0001
AS,0,9/7/16,US0001
AS,0,9/14/16,US0001
AS,4,2/24/16,US0002
AS,4,3/2/16,US0002
AS,13,3/9/16,US0002
AS,14,3/16/16,US0002
AS,14,3/23/16,US0002
AS,14,3/30/16,US0002
AS,14,4/6/16,US0002
AS,14,4/13/16,US0002
AS,14,4/20/16,US0002
AS,14,4/27/16,US0002
AS,14,5/4/16,US0002
AS,14,5/11/16,US0002
AS,14,5/18/16,US0002
AS,17,5/25/16,US0002
AS,17,6/1/16,US0002
AS,21,6/8/16,US0002
AS,29,6/15/16,US0002
AS,29,6/22/16,US0002
AS,29,6/29/16,US0002
AS,31,7/6/16,US0002
AS,41,7/13/16,US0002
AS,42,7/27/16,US0002
AS,44,8/3/16,US0002
AS,44,8/10/16,US0002
AS,44,8/17/16,US0002
AS,46,8/24/16,US0002
AS,47,8/31/16,US0002
AS,47,9/7/16,US0002
AS,49,9/14/16,US0002
AZ,1,3/30/16,US0001
AZ,1,4/6/16,US0001
AZ,1,4/13/16,US0001
AZ,1,4/20/16,US0001
AZ,1,5/18/16,US0001
AZ,3,5/25/16,US0001
AZ,3,6/1/16,US0001
AZ,2,6/8/16,US0001
AZ,2,6/15/16,US0001
AZ,3,6/22/16,US0001
AZ,6,6/29/16,US0001
AZ,6,7/6/16,US0001
AZ,7,7/13/16,US0001
AZ,10,7/27/16,US0001
AZ,10,8/3/16,US0001
AZ,10,8/10/16,US0001
AZ,17,8/17/16,US0001
AZ,20,8/24/16,US0001
AZ,20,8/31/16,US0001
AZ,22,9/7/16,US0001
AZ,29,9/14/16,US0001
AZ,0,3/30/16,US0002
AZ,0,4/6/16,US0002
AZ,0,4/13/16,US0002
AZ,0,4/20/16,US0002
AZ,0,5/18/16,US0002
AZ,0,5/25/16,US0002
AZ,0,6/1/16,US0002
AZ,0,6/8/16,US0002
AZ,0,6/15/16,US0002
AZ,0,6/22/16,US0002
AZ,0,6/29/16,US0002
AZ,0,7/6/16,US0002
AZ,0,7/13/16,US0002
AZ,0,7/27/16,US0002
AZ,0,8/3/16,US0002
AZ,0,8/10/16,US0002
AZ,0,8/17/16,US0002
AZ,0,8/24/16,US0002
AZ,0,8/31/16,US0002
AZ,0,9/7/16,US0002
AZ,0,9/14/16,US0002
AK,1,2/24/16,US0001
AK,1,3/2/16,US0001
AK,1,3/9/16,US0001
AK,1,3/16/16,US0001
AK,1,3/23/16,US0001
AK,1,3/30/16,US0001
AK,1,4/6/16,US0001
AK,2,4/13/16,US0001
AK,2,4/20/16,US0001
AK,2,4/27/16,US0001
AK,2,5/4/16,US0001
AK,2,5/11/16,US0001
AK,2,5/18/16,US0001
AK,3,5/25/16,US0001
AK,4,6/1/16,US0001
AK,5,6/8/16,US0001
AK,5,6/15/16,US0001
AK,5,6/22/16,US0001
AK,5,6/29/16,US0001
AK,5,7/6/16,US0001
AK,5,7/13/16,US0001
AK,5,7/27/16,US0001
AK,5,8/3/16,US0001
AK,5,8/10/16,US0001
AK,9,8/17/16,US0001
AK,9,8/24/16,US0001
AK,9,8/31/16,US0001
AK,9,9/7/16,US0001
AK,10,9/14/16,US0001
AK,0,2/24/16,US0002
AK,0,3/2/16,US0002
AK,0,3/9/16,US0002
AK,0,3/16/16,US0002
AK,0,3/23/16,US0002
AK,0,3/30/16,US0002
AK,0,4/6/16,US0002
AK,0,4/13/16,US0002
AK,0,4/20/16,US0002
AK,0,4/27/16,US0002
AK,0,5/4/16,US0002
AK,0,5/11/16,US0002
AK,0,5/18/16,US0002
AK,0,5/25/16,US0002
AK,0,6/1/16,US0002
AK,0,6/8/16,US0002
AK,0,6/15/16,US0002
AK,0,6/22/16,US0002
AK,0,6/29/16,US0002
AK,0,7/6/16,US0002
AK,0,7/13/16,US0002
AK,0,7/27/16,US0002
AK,0,8/3/16,US0002
AK,0,8/10/16,US0002
AK,0,8/17/16,US0002
AK,0,8/24/16,US0002
AK,0,8/31/16,US0002
AK,0,9/7/16,US0002
AK,0,9/14/16,US0002
CA,6,2/24/16,US0001
CA,10,3/2/16,US0001
CA,13,3/9/16,US0001
CA,13,3/16/16,US0001
CA,17,3/23/16,US0001
CA,17,3/30/16,US0001
CA,29,4/6/16,US0001
CA,29,4/13/16,US0001
CA,29,4/20/16,US0001
CA,29,4/27/16,US0001
CA,40,5/4/16,US0001
CA,40,5/11/16,US0001
CA,44,5/18/16,US0001
CA,44,5/25/16,US0001
CA,44,6/1/16,US0001
CA,48,6/8/16,US0001
CA,48,6/15/16,US0001
CA,52,6/22/16,US0001
CA,55,6/29/16,US0001
CA,69,7/6/16,US0001
CA,69,7/13/16,US0001
CA,87,7/27/16,US0001
CA,87,8/3/16,US0001
CA,87,8/10/16,US0001
CA,137,8/17/16,US0001
CA,152,8/24/16,US0001
CA,152,8/31/16,US0001
CA,210,9/7/16,US0001
CA,224,9/14/16,US0001
CA,0,2/24/16,US0002
CA,0,3/2/16,US0002
CA,0,3/9/16,US0002
CA,0,3/16/16,US0002
CA,0,3/23/16,US0002
CA,0,3/30/16,US0002
CA,0,4/6/16,US0002
CA,0,4/13/16,US0002
CA,0,4/20/16,US0002
CA,0,4/27/16,US0002
CA,0,5/4/16,US0002
CA,0,5/11/16,US0002
CA,0,5/18/16,US0002
CA,0,5/25/16,US0002
CA,0,6/1/16,US0002
CA,0,6/8/16,US0002
CA,0,6/15/16,US0002
CA,0,6/22/16,US0002
CA,0,6/29/16,US0002
CA,0,7/6/16,US0002
CA,0,7/13/16,US0002
CA,0,7/27/16,US0002
CA,0,8/3/16,US0002
CA,0,8/10/16,US0002
CA,0,8/17/16,US0002
CA,0,8/24/16,US0002
CA,0,8/31/16,US0002
CA,0,9/7/16,US0002
CA,0,9/14/16,US0002
CO,2,3/2/16,US0001
CO,2,3/9/16,US0001
CO,2,3/16/16,US0001
CO,2,3/23/16,US0001
CO,2,3/30/16,US0001
CO,2,4/6/16,US0001
CO,2,4/13/16,US0001
CO,2,4/20/16,US0001
CO,2,4/27/16,US0001
CO,2,5/4/16,US0001
CO,2,5/11/16,US0001
CO,2,5/18/16,US0001
CO,2,5/25/16,US0001
CO,2,6/1/16,US0001
CO,4,6/8/16,US0001
CO,5,6/15/16,US0001
CO,5,6/22/16,US0001
CO,8,6/29/16,US0001
CO,10,7/6/16,US0001
CO,12,7/13/16,US0001
CO,18,7/27/16,US0001
CO,19,8/3/16,US0001
CO,20,8/10/16,US0001
CO,21,8/17/16,US0001
CO,24,8/24/16,US0001
CO,27,8/31/16,US0001
CO,27,9/7/16,US0001
CO,32,9/14/16,US0001
CO,0,3/2/16,US0002
CO,0,3/9/16,US0002
CO,0,3/16/16,US0002
CO,0,3/23/16,US0002
CO,0,3/30/16,US0002
CO,0,4/6/16,US0002
CO,0,4/13/16,US0002
CO,0,4/20/16,US0002
CO,0,4/27/16,US0002
CO,0,5/4/16,US0002
CO,0,5/11/16,US0002
CO,0,5/18/16,US0002
CO,0,5/25/16,US0002
CO,0,6/1/16,US0002
CO,0,6/8/16,US0002
CO,0,6/15/16,US0002
CO,0,6/22/16,US0002
CO,0,6/29/16,US0002
CO,0,7/6/16,US0002
CO,0,7/13/16,US0002
CO,0,7/27/16,US0002
CO,0,8/3/16,US0002
CO,0,8/10/16,US0002
CO,0,8/17/16,US0002
CO,0,8/24/16,US0002
CO,0,8/31/16,US0002
CO,0,9/7/16,US0002
CO,0,9/14/16,US0002
CT,1,3/23/16,US0001
CT,1,3/30/16,US0001
CT,1,4/6/16,US0001
CT,1,4/13/16,US0001
CT,1,4/20/16,US0001
CT,1,4/27/16,US0001
CT,1,5/4/16,US0001
CT,1,5/11/16,US0001
CT,1,5/18/16,US0001
CT,1,5/25/16,US0001
CT,1,6/1/16,US0001
CT,1,6/8/16,US0001
CT,1,6/15/16,US0001
CT,1,6/22/16,US0001
CT,1,6/29/16,US0001
CT,27,7/6/16,US0001
CT,30,7/13/16,US0001
CT,38,7/27/16,US0001
CT,39,8/3/16,US0001
CT,49,8/10/16,US0001
CT,49,8/17/16,US0001
CT,50,8/24/16,US0001
CT,52,8/31/16,US0001
CT,58,9/7/16,US0001
CT,58,9/14/16,US0001
CT,0,3/23/16,US0002
CT,0,3/30/16,US0002
CT,0,4/6/16,US0002
CT,0,4/13/16,US0002
CT,0,4/20/16,US0002
CT,0,4/27/16,US0002
CT,0,5/4/16,US0002
CT,0,5/11/16,US0002
CT,0,5/18/16,US0002
CT,0,5/25/16,US0002
CT,0,6/1/16,US0002
CT,0,6/8/16,US0002
CT,0,6/15/16,US0002
CT,0,6/22/16,US0002
CT,0,6/29/16,US0002
CT,0,7/6/16,US0002
CT,0,7/13/16,US0002
CT,0,7/27/16,US0002
CT,0,8/3/16,US0002
CT,0,8/10/16,US0002
CT,0,8/17/16,US0002
CT,0,8/24/16,US0002
CT,0,8/31/16,US0002
CT,0,9/7/16,US0002
CT,0,9/14/16,US0002
DE,1,2/24/16,US0001
DE,1,3/2/16,US0001
DE,1,3/9/16,US0001
DE,1,3/16/16,US0001
DE,3,3/23/16,US0001
DE,3,3/30/16,US0001
DE,3,4/6/16,US0001
DE,3,4/13/16,US0001
DE,3,4/20/16,US0001
DE,3,4/27/16,US0001
DE,3,5/4/16,US0001
DE,3,5/11/16,US0001
DE,3,5/18/16,US0001
DE,3,5/25/16,US0001
DE,3,6/1/16,US0001
DE,4,6/8/16,US0001
DE,4,6/15/16,US0001
DE,5,6/22/16,US0001
DE,5,6/29/16,US0001
DE,5,7/6/16,US0001
DE,8,7/13/16,US0001
DE,10,7/27/16,US0001
DE,10,8/3/16,US0001
DE,10,8/10/16,US0001
DE,10,8/17/16,US0001
DE,11,8/24/16,US0001
DE,11,8/31/16,US0001
DE,11,9/7/16,US0001
DE,11,9/14/16,US0001
DE,0,2/24/16,US0002
DE,0,3/2/16,US0002
DE,0,3/9/16,US0002
DE,0,3/16/16,US0002
DE,0,3/23/16,US0002
DE,0,3/30/16,US0002
DE,0,4/6/16,US0002
DE,0,4/13/16,US0002
DE,0,4/20/16,US0002
DE,0,4/27/16,US0002
DE,0,5/4/16,US0002
DE,0,5/11/16,US0002
DE,0,5/18/16,US0002
DE,0,5/25/16,US0002
DE,0,6/1/16,US0002
DE,0,6/8/16,US0002
DE,0,6/15/16,US0002
DE,0,6/22/16,US0002
DE,0,6/29/16,US0002
DE,0,7/6/16,US0002
DE,0,7/13/16,US0002
DE,0,7/27/16,US0002
DE,0,8/3/16,US0002
DE,0,8/10/16,US0002
DE,0,8/17/16,US0002
DE,0,8/24/16,US0002
DE,0,8/31/16,US0002
DE,0,9/7/16,US0002
DE,0,9/14/16,US0002
DC,3,2/24/16,US0001
DC,3,3/2/16,US0001
DC,3,3/9/16,US0001
DC,3,3/16/16,US0001
DC,3,3/23/16,US0001
DC,3,3/30/16,US0001
DC,3,4/6/16,US0001
DC,3,4/13/16,US0001
DC,3,4/20/16,US0001
DC,3,4/27/16,US0001
DC,3,5/4/16,US0001
DC,4,5/11/16,US0001
DC,4,5/18/16,US0001
DC,4,5/25/16,US0001
DC,6,6/1/16,US0001
DC,6,6/8/16,US0001
DC,6,6/15/16,US0001
DC,6,6/22/16,US0001
DC,6,6/29/16,US0001
DC,7,7/6/16,US0001
DC,9,7/13/16,US0001
DC,10,7/27/16,US0001
DC,10,8/3/16,US0001
DC,11,8/10/16,US0001
DC,11,8/17/16,US0001
DC,11,8/24/16,US0001
DC,11,8/31/16,US0001
DC,11,9/7/16,US0001
DC,17,9/14/16,US0001
DC,0,2/24/16,US0002
DC,0,3/2/16,US0002
DC,0,3/9/16,US0002
DC,0,3/16/16,US0002
DC,0,3/23/16,US0002
DC,0,3/30/16,US0002
DC,0,4/6/16,US0002
DC,0,4/13/16,US0002
DC,0,4/20/16,US0002
DC,0,4/27/16,US0002
DC,0,5/4/16,US0002
DC,0,5/11/16,US0002
DC,0,5/18/16,US0002
DC,0,5/25/16,US0002
DC,0,6/1/16,US0002
DC,0,6/8/16,US0002
DC,0,6/15/16,US0002
DC,0,6/22/16,US0002
DC,0,6/29/16,US0002
DC,0,7/6/16,US0002
DC,0,7/13/16,US0002
DC,0,7/27/16,US0002
DC,0,8/3/16,US0002
DC,0,8/10/16,US0002
DC,0,8/17/16,US0002
DC,0,8/24/16,US0002
DC,0,8/31/16,US0002
DC,0,9/7/16,US0002
DC,0,9/14/16,US0002
FL,28,2/24/16,US0001
FL,42,3/2/16,US0001
FL,49,3/9/16,US0001
FL,59,3/16/16,US0001
FL,70,3/23/16,US0001
FL,74,3/30/16,US0001
FL,78,4/6/16,US0001
FL,82,4/13/16,US0001
FL,84,4/20/16,US0001
FL,109,5/18/16,US0001
FL,121,5/25/16,US0001
FL,141,6/15/16,US0001
FL,162,6/22/16,US0001
FL,182,6/29/16,US0001
FL,206,7/6/16,US0001
FL,229,7/13/16,US0001
FL,307,7/27/16,US0001
FL,322,8/3/16,US0001
FL,322,8/10/16,US0001
FL,405,8/17/16,US0001
FL,471,8/24/16,US0001
FL,507,8/31/16,US0001
FL,571,9/7/16,US0001
FL,596,9/14/16,US0001
FL,0,2/24/16,US0002
FL,0,3/2/16,US0002
FL,0,3/9/16,US0002
FL,0,3/16/16,US0002
FL,0,3/23/16,US0002
FL,0,3/30/16,US0002
FL,0,4/6/16,US0002
FL,0,4/13/16,US0002
FL,0,4/20/16,US0002
FL,0,5/18/16,US0002
FL,0,5/25/16,US0002
FL,0,6/15/16,US0002
FL,0,6/22/16,US0002
FL,0,6/29/16,US0002
FL,0,7/6/16,US0002
FL,0,7/13/16,US0002
FL,0,7/27/16,US0002
FL,6,8/3/16,US0002
FL,6,8/10/16,US0002
FL,14,8/17/16,US0002
FL,29,8/24/16,US0002
FL,35,8/31/16,US0002
FL,43,9/7/16,US0002
FL,43,9/14/16,US0002
GA,1,2/24/16,US0001
GA,2,3/2/16,US0001
GA,5,3/9/16,US0001
GA,7,3/16/16,US0001
GA,7,3/23/16,US0001
GA,9,3/30/16,US0001
GA,11,4/6/16,US0001
GA,11,4/13/16,US0001
GA,13,4/20/16,US0001
GA,13,4/27/16,US0001
GA,13,5/4/16,US0001
GA,13,5/11/16,US0001
GA,14,5/18/16,US0001
GA,15,5/25/16,US0001
GA,17,6/1/16,US0001
GA,17,6/8/16,US0001
GA,20,6/15/16,US0001
GA,25,6/22/16,US0001
GA,26,6/29/16,US0001
GA,29,7/6/16,US0001
GA,33,7/13/16,US0001
GA,41,7/27/16,US0001
GA,42,8/3/16,US0001
GA,46,8/10/16,US0001
GA,48,8/17/16,US0001
GA,54,8/24/16,US0001
GA,69,8/31/16,US0001
GA,75,9/7/16,US0001
GA,78,9/14/16,US0001
GA,0,2/24/16,US0002
GA,0,3/2/16,US0002
GA,0,3/9/16,US0002
GA,0,3/16/16,US0002
GA,0,3/23/16,US0002
GA,0,3/30/16,US0002
GA,0,4/6/16,US0002
GA,0,4/13/16,US0002
GA,0,4/20/16,US0002
GA,0,4/27/16,US0002
GA,0,5/4/16,US0002
GA,0,5/11/16,US0002
GA,0,5/18/16,US0002
GA,0,5/25/16,US0002
GA,0,6/1/16,US0002
GA,0,6/8/16,US0002
GA,0,6/15/16,US0002
GA,0,6/22/16,US0002
GA,0,6/29/16,US0002
GA,0,7/6/16,US0002
GA,0,7/13/16,US0002
GA,0,7/27/16,US0002
GA,0,8/3/16,US0002
GA,0,8/10/16,US0002
GA,0,8/17/16,US0002
GA,0,8/24/16,US0002
GA,0,8/31/16,US0002
GA,0,9/7/16,US0002
GA,0,9/14/16,US0002
HI,4,2/24/16,US0001
HI,4,3/2/16,US0001
HI,5,3/9/16,US0001
HI,5,3/16/16,US0001
HI,5,3/23/16,US0001
HI,5,3/30/16,US0001
HI,5,4/6/16,US0001
HI,5,4/13/16,US0001
HI,7,4/20/16,US0001
HI,7,4/27/16,US0001
HI,7,5/4/16,US0001
HI,7,5/11/16,US0001
HI,9,5/18/16,US0001
HI,9,5/25/16,US0001
HI,8,6/1/16,US0001
HI,10,6/8/16,US0001
HI,10,6/15/16,US0001
HI,10,6/22/16,US0001
HI,10,6/29/16,US0001
HI,10,7/6/16,US0001
HI,10,7/13/16,US0001
HI,10,7/27/16,US0001
HI,10,8/3/16,US0001
HI,10,8/10/16,US0001
HI,10,8/17/16,US0001
HI,11,8/24/16,US0001
HI,11,8/31/16,US0001
HI,11,9/7/16,US0001
HI,12,9/14/16,US0001
HI,0,2/24/16,US0002
HI,0,3/2/16,US0002
HI,0,3/9/16,US0002
HI,0,3/16/16,US0002
HI,0,3/23/16,US0002
HI,0,3/30/16,US0002
HI,0,4/6/16,US0002
HI,0,4/13/16,US0002
HI,0,4/20/16,US0002
HI,0,4/27/16,US0002
HI,0,5/4/16,US0002
HI,0,5/11/16,US0002
HI,0,5/18/16,US0002
HI,0,5/25/16,US0002
HI,0,6/1/16,US0002
HI,0,6/8/16,US0002
HI,0,6/15/16,US0002
HI,0,6/22/16,US0002
HI,0,6/29/16,US0002
HI,0,7/6/16,US0002
HI,0,7/13/16,US0002
HI,0,7/27/16,US0002
HI,0,8/3/16,US0002
HI,0,8/10/16,US0002
HI,0,8/17/16,US0002
HI,0,8/24/16,US0002
HI,0,8/31/16,US0002
HI,0,9/7/16,US0002
HI,0,9/14/16,US0002
ID,1,8/10/16,US0001
ID,1,8/17/16,US0001
ID,1,8/24/16,US0001
ID,2,8/31/16,US0001
ID,2,9/7/16,US0001
ID,3,9/14/16,US0001
ID,0,8/10/16,US0002
ID,0,8/17/16,US0002
ID,0,8/24/16,US0002
ID,0,8/31/16,US0002
ID,0,9/7/16,US0002
ID,0,9/14/16,US0002
IL,4,2/24/16,US0001
IL,5,3/2/16,US0001
IL,7,3/9/16,US0001
IL,7,3/16/16,US0001
IL,9,3/23/16,US0001
IL,9,3/30/16,US0001
IL,10,4/6/16,US0001
IL,10,4/13/16,US0001
IL,12,4/20/16,US0001
IL,12,4/27/16,US0001
IL,13,5/4/16,US0001
IL,16,5/11/16,US0001
IL,16,5/18/16,US0001
IL,16,5/25/16,US0001
IL,16,6/1/16,US0001
IL,16,6/8/16,US0001
IL,19,6/15/16,US0001
IL,16,6/22/16,US0001
IL,16,6/29/16,US0001
IL,23,7/6/16,US0001
IL,23,7/13/16,US0001
IL,29,7/27/16,US0001
IL,33,8/3/16,US0001
IL,44,8/10/16,US0001
IL,45,8/17/16,US0001
IL,49,8/24/16,US0001
IL,51,8/31/16,US0001
IL,51,9/7/16,US0001
IL,58,9/14/16,US0001
IL,0,2/24/16,US0002
IL,0,3/2/16,US0002
IL,0,3/9/16,US0002
IL,0,3/16/16,US0002
IL,0,3/23/16,US0002
IL,0,3/30/16,US0002
IL,0,4/6/16,US0002
IL,0,4/13/16,US0002
IL,0,4/20/16,US0002
IL,0,4/27/16,US0002
IL,0,5/4/16,US0002
IL,0,5/11/16,US0002
IL,0,5/18/16,US0002
IL,0,5/25/16,US0002
IL,0,6/1/16,US0002
IL,0,6/8/16,US0002
IL,0,6/15/16,US0002
IL,0,6/22/16,US0002
IL,0,6/29/16,US0002
IL,0,7/6/16,US0002
IL,0,7/13/16,US0002
IL,0,7/27/16,US0002
IL,0,8/3/16,US0002
IL,0,8/10/16,US0002
IL,0,8/17/16,US0002
IL,0,8/24/16,US0002
IL,0,8/31/16,US0002
IL,0,9/7/16,US0002
IL,0,9/14/16,US0002
IN,1,2/24/16,US0001
IN,2,3/2/16,US0001
IN,3,3/9/16,US0001
IN,4,3/16/16,US0001
IN,4,3/23/16,US0001
IN,5,3/30/16,US0001
IN,6,4/6/16,US0001
IN,6,4/13/16,US0001
IN,6,4/20/16,US0001
IN,6,4/27/16,US0001
IN,6,5/4/16,US0001
IN,6,5/11/16,US0001
IN,6,5/18/16,US0001
IN,6,5/25/16,US0001
IN,7,6/1/16,US0001
IN,7,6/8/16,US0001
IN,10,6/15/16,US0001
IN,10,6/22/16,US0001
IN,10,6/29/16,US0001
IN,10,7/6/16,US0001
IN,12,7/13/16,US0001
IN,15,7/27/16,US0001
IN,20,8/3/16,US0001
IN,22,8/10/16,US0001
IN,24,8/17/16,US0001
IN,28,8/24/16,US0001
IN,31,8/31/16,US0001
IN,32,9/7/16,US0001
IN,32,9/14/16,US0001
IN,0,2/24/16,US0002
IN,0,3/2/16,US0002
IN,0,3/9/16,US0002
IN,0,3/16/16,US0002
IN,0,3/23/16,US0002
IN,0,3/30/16,US0002
IN,0,4/6/16,US0002
IN,0,4/13/16,US0002
IN,0,4/20/16,US0002
IN,0,4/27/16,US0002
IN,0,5/4/16,US0002
IN,0,5/11/16,US0002
IN,0,5/18/16,US0002
IN,0,5/25/16,US0002
IN,0,6/1/16,US0002
IN,0,6/8/16,US0002
IN,0,6/15/16,US0002
IN,0,6/22/16,US0002
IN,0,6/29/16,US0002
IN,0,7/6/16,US0002
IN,0,7/13/16,US0002
IN,0,7/27/16,US0002
IN,0,8/3/16,US0002
IN,0,8/10/16,US0002
IN,0,8/17/16,US0002
IN,0,8/24/16,US0002
IN,0,8/31/16,US0002
IN,0,9/7/16,US0002
IN,0,9/14/16,US0002
IA,1,2/24/16,US0001
IA,3,3/2/16,US0001
IA,3,3/9/16,US0001
IA,4,3/16/16,US0001
IA,4,3/23/16,US0001
IA,4,3/30/16,US0001
IA,4,4/6/16,US0001
IA,4,4/13/16,US0001
IA,4,4/20/16,US0001
IA,4,4/27/16,US0001
IA,5,5/4/16,US0001
IA,5,5/11/16,US0001
IA,5,5/18/16,US0001
IA,6,5/25/16,US0001
IA,6,6/1/16,US0001
IA,7,6/8/16,US0001
IA,7,6/15/16,US0001
IA,7,6/22/16,US0001
IA,7,6/29/16,US0001
IA,9,7/6/16,US0001
IA,9,7/13/16,US0001
IA,9,7/27/16,US0001
IA,9,8/3/16,US0001
IA,9,8/10/16,US0001
IA,13,8/17/16,US0001
IA,13,8/24/16,US0001
IA,14,8/31/16,US0001
IA,15,9/7/16,US0001
IA,16,9/14/16,US0001
IA,0,2/24/16,US0002
IA,0,3/2/16,US0002
IA,0,3/9/16,US0002
IA,0,3/16/16,US0002
IA,0,3/23/16,US0002
IA,0,3/30/16,US0002
IA,0,4/6/16,US0002
IA,0,4/13/16,US0002
IA,0,4/20/16,US0002
IA,0,4/27/16,US0002
IA,0,5/4/16,US0002
IA,0,5/11/16,US0002
IA,0,5/18/16,US0002
IA,0,5/25/16,US0002
IA,0,6/1/16,US0002
IA,0,6/8/16,US0002
IA,0,6/15/16,US0002
IA,0,6/22/16,US0002
IA,0,6/29/16,US0002
IA,0,7/6/16,US0002
IA,0,7/13/16,US0002
IA,0,7/27/16,US0002
IA,0,8/3/16,US0002
IA,0,8/10/16,US0002
IA,0,8/17/16,US0002
IA,0,8/24/16,US0002
IA,0,8/31/16,US0002
IA,0,9/7/16,US0002
IA,0,9/14/16,US0002
KS,1,3/16/16,US0001
KS,1,3/23/16,US0001
KS,1,3/30/16,US0001
KS,1,4/6/16,US0001
KS,1,4/13/16,US0001
KS,1,4/20/16,US0001
KS,1,4/27/16,US0001
KS,1,5/4/16,US0001
KS,1,5/11/16,US0001
KS,1,5/18/16,US0001
KS,2,5/25/16,US0001
KS,2,6/1/16,US0001
KS,2,6/8/16,US0001
KS,2,6/15/16,US0001
KS,2,6/22/16,US0001
KS,5,6/29/16,US0001
KS,5,7/6/16,US0001
KS,5,7/13/16,US0001
KS,6,7/27/16,US0001
KS,8,8/3/16,US0001
KS,8,8/10/16,US0001
KS,9,8/17/16,US0001
KS,11,8/24/16,US0001
KS,13,8/31/16,US0001
KS,13,9/7/16,US0001
KS,13,9/14/16,US0001
KS,0,3/16/16,US0002
KS,0,3/23/16,US0002
KS,0,3/30/16,US0002
KS,0,4/6/16,US0002
KS,0,4/13/16,US0002
KS,0,4/20/16,US0002
KS,0,4/27/16,US0002
KS,0,5/4/16,US0002
KS,0,5/11/16,US0002
KS,0,5/18/16,US0002
KS,0,5/25/16,US0002
KS,0,6/1/16,US0002
KS,0,6/8/16,US0002
KS,0,6/15/16,US0002
KS,0,6/22/16,US0002
KS,0,6/29/16,US0002
KS,0,7/6/16,US0002
KS,0,7/13/16,US0002
KS,0,7/27/16,US0002
KS,0,8/3/16,US0002
KS,0,8/10/16,US0002
KS,0,8/17/16,US0002
KS,0,8/24/16,US0002
KS,0,8/31/16,US0002
KS,0,9/7/16,US0002
KS,0,9/14/16,US0002
KY,1,3/16/16,US0001
KY,2,3/23/16,US0001
KY,3,3/30/16,US0001
KY,3,4/6/16,US0001
KY,3,4/13/16,US0001
KY,3,4/20/16,US0001
KY,5,4/27/16,US0001
KY,5,5/4/16,US0001
KY,5,5/11/16,US0001
KY,5,5/18/16,US0001
KY,5,5/25/16,US0001
KY,5,6/1/16,US0001
KY,6,6/8/16,US0001
KY,6,6/15/16,US0001
KY,6,6/22/16,US0001
KY,6,6/29/16,US0001
KY,7,7/6/16,US0001
KY,7,7/13/16,US0001
KY,10,7/27/16,US0001
KY,10,8/3/16,US0001
KY,10,8/10/16,US0001
KY,10,8/17/16,US0001
KY,19,8/24/16,US0001
KY,20,8/31/16,US0001
KY,20,9/7/16,US0001
KY,23,9/14/16,US0001
KY,0,3/16/16,US0002
KY,0,3/23/16,US0002
KY,0,3/30/16,US0002
KY,0,4/6/16,US0002
KY,0,4/13/16,US0002
KY,0,4/20/16,US0002
KY,0,4/27/16,US0002
KY,0,5/4/16,US0002
KY,0,5/11/16,US0002
KY,0,5/18/16,US0002
KY,0,5/25/16,US0002
KY,0,6/1/16,US0002
KY,0,6/8/16,US0002
KY,0,6/15/16,US0002
KY,0,6/22/16,US0002
KY,0,6/29/16,US0002
KY,0,7/6/16,US0002
KY,0,7/13/16,US0002
KY,0,7/27/16,US0002
KY,0,8/3/16,US0002
KY,0,8/10/16,US0002
KY,0,8/17/16,US0002
KY,0,8/24/16,US0002
KY,0,8/31/16,US0002
KY,0,9/7/16,US0002
KY,0,9/14/16,US0002
LA,1,2/24/16,US0001
LA,1,3/2/16,US0001
LA,2,3/9/16,US0001
LA,2,3/16/16,US0001
LA,2,3/23/16,US0001
LA,2,3/30/16,US0001
LA,4,4/6/16,US0001
LA,4,4/13/16,US0001
LA,4,4/20/16,US0001
LA,4,4/27/16,US0001
LA,4,5/4/16,US0001
LA,4,5/11/16,US0001
LA,4,5/18/16,US0001
LA,4,5/25/16,US0001
LA,4,6/1/16,US0001
LA,4,6/8/16,US0001
LA,6,6/15/16,US0001
LA,7,6/22/16,US0001
LA,6,6/29/16,US0001
LA,6,7/6/16,US0001
LA,7,7/13/16,US0001
LA,9,7/27/16,US0001
LA,9,8/3/16,US0001
LA,22,8/10/16,US0001
LA,23,8/17/16,US0001
LA,25,8/24/16,US0001
LA,26,8/31/16,US0001
LA,26,9/7/16,US0001
LA,29,9/14/16,US0001
LA,0,2/24/16,US0002
LA,0,3/2/16,US0002
LA,0,3/9/16,US0002
LA,0,3/16/16,US0002
LA,0,3/23/16,US0002
LA,0,3/30/16,US0002
LA,0,4/6/16,US0002
LA,0,4/13/16,US0002
LA,0,4/20/16,US0002
LA,0,4/27/16,US0002
LA,0,5/4/16,US0002
LA,0,5/11/16,US0002
LA,0,5/18/16,US0002
LA,0,5/25/16,US0002
LA,0,6/1/16,US0002
LA,0,6/8/16,US0002
LA,0,6/15/16,US0002
LA,0,6/22/16,US0002
LA,0,6/29/16,US0002
LA,0,7/6/16,US0002
LA,0,7/13/16,US0002
LA,0,7/27/16,US0002
LA,0,8/3/16,US0002
LA,0,8/10/16,US0002
LA,0,8/17/16,US0002
LA,0,8/24/16,US0002
LA,0,8/31/16,US0002
LA,0,9/7/16,US0002
LA,0,9/14/16,US0002
ME,1,3/30/16,US0001
ME,1,4/6/16,US0001
ME,1,4/13/16,US0001
ME,2,4/20/16,US0001
ME,3,5/18/16,US0001
ME,5,5/25/16,US0001
ME,5,6/1/16,US0001
ME,6,6/8/16,US0001
ME,6,6/15/16,US0001
ME,6,6/22/16,US0001
ME,6,6/29/16,US0001
ME,6,7/6/16,US0001
ME,7,7/13/16,US0001
ME,7,7/27/16,US0001
ME,9,8/3/16,US0001
ME,9,8/10/16,US0001
ME,9,8/17/16,US0001
ME,10,8/24/16,US0001
ME,11,8/31/16,US0001
ME,11,9/7/16,US0001
ME,11,9/14/16,US0001
ME,0,3/30/16,US0002
ME,0,4/6/16,US0002
ME,0,4/13/16,US0002
ME,0,4/20/16,US0002
ME,0,5/18/16,US0002
ME,0,5/25/16,US0002
ME,0,6/1/16,US0002
ME,0,6/8/16,US0002
ME,0,6/15/16,US0002
ME,0,6/22/16,US0002
ME,0,6/29/16,US0002
ME,0,7/6/16,US0002
ME,0,7/13/16,US0002
ME,0,7/27/16,US0002
ME,0,8/3/16,US0002
ME,0,8/10/16,US0002
ME,0,8/17/16,US0002
ME,0,8/24/16,US0002
ME,0,8/31/16,US0002
ME,0,9/7/16,US0002
ME,0,9/14/16,US0002
MD,3,2/24/16,US0001
MD,3,3/2/16,US0001
MD,4,3/9/16,US0001
MD,5,3/16/16,US0001
MD,5,3/23/16,US0001
MD,6,3/30/16,US0001
MD,6,4/6/16,US0001
MD,7,4/13/16,US0001
MD,8,4/20/16,US0001
MD,11,4/27/16,US0001
MD,17,5/4/16,US0001
MD,16,5/11/16,US0001
MD,17,5/18/16,US0001
MD,17,5/25/16,US0001
MD,19,6/1/16,US0001
MD,21,6/8/16,US0001
MD,25,6/15/16,US0001
MD,26,6/22/16,US0001
MD,31,6/29/16,US0001
MD,31,7/6/16,US0001
MD,35,7/13/16,US0001
MD,48,7/27/16,US0001
MD,54,8/3/16,US0001
MD,57,8/10/16,US0001
MD,64,8/17/16,US0001
MD,77,8/24/16,US0001
MD,85,8/31/16,US0001
MD,89,9/7/16,US0001
MD,95,9/14/16,US0001
MD,0,2/24/16,US0002
MD,0,3/2/16,US0002
MD,0,3/9/16,US0002
MD,0,3/16/16,US0002
MD,0,3/23/16,US0002
MD,0,3/30/16,US0002
MD,0,4/6/16,US0002
MD,0,4/13/16,US0002
MD,0,4/20/16,US0002
MD,0,4/27/16,US0002
MD,0,5/4/16,US0002
MD,0,5/11/16,US0002
MD,0,5/18/16,US0002
MD,0,5/25/16,US0002
MD,0,6/1/16,US0002
MD,0,6/8/16,US0002
MD,0,6/15/16,US0002
MD,0,6/22/16,US0002
MD,0,6/29/16,US0002
MD,0,7/6/16,US0002
MD,0,7/13/16,US0002
MD,0,7/27/16,US0002
MD,0,8/3/16,US0002
MD,0,8/10/16,US0002
MD,0,8/17/16,US0002
MD,0,8/24/16,US0002
MD,0,8/31/16,US0002
MD,0,9/7/16,US0002
MD,0,9/14/16,US0002
MA,2,2/24/16,US0001
MA,3,3/2/16,US0001
MA,3,3/9/16,US0001
MA,3,3/16/16,US0001
MA,3,3/23/16,US0001
MA,7,3/30/16,US0001
MA,7,4/6/16,US0001
MA,7,4/13/16,US0001
MA,7,4/20/16,US0001
MA,7,4/27/16,US0001
MA,10,5/4/16,US0001
MA,10,5/11/16,US0001
MA,11,5/18/16,US0001
MA,16,5/25/16,US0001
MA,17,6/1/16,US0001
MA,20,6/8/16,US0001
MA,27,6/15/16,US0001
MA,28,6/22/16,US0001
MA,32,6/29/16,US0001
MA,39,7/6/16,US0001
MA,49,7/13/16,US0001
MA,52,7/27/16,US0001
MA,54,8/3/16,US0001
MA,58,8/10/16,US0001
MA,59,8/17/16,US0001
MA,63,8/24/16,US0001
MA,65,8/31/16,US0001
MA,67,9/7/16,US0001
MA,67,9/14/16,US0001
MA,0,2/24/16,US0002
MA,0,3/2/16,US0002
MA,0,3/9/16,US0002
MA,0,3/16/16,US0002
MA,0,3/23/16,US0002
MA,0,3/30/16,US0002
MA,0,4/6/16,US0002
MA,0,4/13/16,US0002
MA,0,4/20/16,US0002
MA,0,4/27/16,US0002
MA,0,5/4/16,US0002
MA,0,5/11/16,US0002
MA,0,5/18/16,US0002
MA,0,5/25/16,US0002
MA,0,6/1/16,US0002
MA,0,6/8/16,US0002
MA,0,6/15/16,US0002
MA,0,6/22/16,US0002
MA,0,6/29/16,US0002
MA,0,7/6/16,US0002
MA,0,7/13/16,US0002
MA,0,7/27/16,US0002
MA,0,8/3/16,US0002
MA,0,8/10/16,US0002
MA,0,8/17/16,US0002
MA,0,8/24/16,US0002
MA,0,8/31/16,US0002
MA,0,9/7/16,US0002
MA,0,9/14/16,US0002
MI,1,3/2/16,US0001
MI,2,3/9/16,US0001
MI,2,3/16/16,US0001
MI,2,3/23/16,US0001
MI,2,3/30/16,US0001
MI,2,4/6/16,US0001
MI,2,4/13/16,US0001
MI,3,4/20/16,US0001
MI,3,4/27/16,US0001
MI,3,5/4/16,US0001
MI,3,5/11/16,US0001
MI,4,5/18/16,US0001
MI,4,5/25/16,US0001
MI,6,6/1/16,US0001
MI,7,6/8/16,US0001
MI,7,6/15/16,US0001
MI,9,6/22/16,US0001
MI,10,6/29/16,US0001
MI,10,7/6/16,US0001
MI,13,7/13/16,US0001
MI,14,7/27/16,US0001
MI,17,8/3/16,US0001
MI,20,8/10/16,US0001
MI,25,8/17/16,US0001
MI,31,8/24/16,US0001
MI,43,8/31/16,US0001
MI,45,9/7/16,US0001
MI,52,9/14/16,US0001
MI,0,3/2/16,US0002
MI,0,3/9/16,US0002
MI,0,3/16/16,US0002
MI,0,3/23/16,US0002
MI,0,3/30/16,US0002
MI,0,4/6/16,US0002
MI,0,4/13/16,US0002
MI,0,4/20/16,US0002
MI,0,4/27/16,US0002
MI,0,5/4/16,US0002
MI,0,5/11/16,US0002
MI,0,5/18/16,US0002
MI,0,5/25/16,US0002
MI,0,6/1/16,US0002
MI,0,6/8/16,US0002
MI,0,6/15/16,US0002
MI,0,6/22/16,US0002
MI,0,6/29/16,US0002
MI,0,7/6/16,US0002
MI,0,7/13/16,US0002
MI,0,7/27/16,US0002
MI,0,8/3/16,US0002
MI,0,8/10/16,US0002
MI,0,8/17/16,US0002
MI,0,8/24/16,US0002
MI,0,8/31/16,US0002
MI,0,9/7/16,US0002
MI,0,9/14/16,US0002
MN,3,2/24/16,US0001
MN,3,3/2/16,US0001
MN,6,3/9/16,US0001
MN,7,3/16/16,US0001
MN,9,3/23/16,US0001
MN,12,3/30/16,US0001
MN,12,4/6/16,US0001
MN,12,4/13/16,US0001
MN,13,4/20/16,US0001
MN,14,4/27/16,US0001
MN,17,5/4/16,US0001
MN,17,5/11/16,US0001
MN,17,5/18/16,US0001
MN,17,5/25/16,US0001
MN,17,6/1/16,US0001
MN,17,6/8/16,US0001
MN,19,6/15/16,US0001
MN,19,6/22/16,US0001
MN,19,6/29/16,US0001
MN,21,7/6/16,US0001
MN,21,7/13/16,US0001
MN,21,7/27/16,US0001
MN,29,8/3/16,US0001
MN,29,8/10/16,US0001
MN,31,8/17/16,US0001
MN,31,8/24/16,US0001
MN,40,8/31/16,US0001
MN,39,9/7/16,US0001
MN,47,9/14/16,US0001
MN,0,2/24/16,US0002
MN,0,3/2/16,US0002
MN,0,3/9/16,US0002
MN,0,3/16/16,US0002
MN,0,3/23/16,US0002
MN,0,3/30/16,US0002
MN,0,4/6/16,US0002
MN,0,4/13/16,US0002
MN,0,4/20/16,US0002
MN,0,4/27/16,US0002
MN,0,5/4/16,US0002
MN,0,5/11/16,US0002
MN,0,5/18/16,US0002
MN,0,5/25/16,US0002
MN,0,6/1/16,US0002
MN,0,6/8/16,US0002
MN,0,6/15/16,US0002
MN,0,6/22/16,US0002
MN,0,6/29/16,US0002
MN,0,7/6/16,US0002
MN,0,7/13/16,US0002
MN,0,7/27/16,US0002
MN,0,8/3/16,US0002
MN,0,8/10/16,US0002
MN,0,8/17/16,US0002
MN,0,8/24/16,US0002
MN,0,8/31/16,US0002
MN,0,9/7/16,US0002
MN,0,9/14/16,US0002
MS,2,3/30/16,US0001
MS,2,4/6/16,US0001
MS,3,4/13/16,US0001
MS,3,4/20/16,US0001
MS,3,5/18/16,US0001
MS,3,5/25/16,US0001
MS,3,6/1/16,US0001
MS,3,6/8/16,US0001
MS,3,6/15/16,US0001
MS,3,6/22/16,US0001
MS,3,6/29/16,US0001
MS,5,7/6/16,US0001
MS,8,7/13/16,US0001
MS,11,7/27/16,US0001
MS,14,8/3/16,US0001
MS,14,8/10/16,US0001
MS,17,8/17/16,US0001
MS,17,8/24/16,US0001
MS,18,8/31/16,US0001
MS,20,9/7/16,US0001
MS,21,9/14/16,US0001
MS,0,3/30/16,US0002
MS,0,4/6/16,US0002
MS,0,4/13/16,US0002
MS,0,4/20/16,US0002
MS,0,5/18/16,US0002
MS,0,5/25/16,US0002
MS,0,6/1/16,US0002
MS,0,6/8/16,US0002
MS,0,6/15/16,US0002
MS,0,6/22/16,US0002
MS,0,6/29/16,US0002
MS,0,7/6/16,US0002
MS,0,7/13/16,US0002
MS,0,7/27/16,US0002
MS,0,8/3/16,US0002
MS,0,8/10/16,US0002
MS,0,8/17/16,US0002
MS,0,8/24/16,US0002
MS,0,8/31/16,US0002
MS,0,9/7/16,US0002
MS,0,9/14/16,US0002
MO,1,3/9/16,US0001
MO,1,3/16/16,US0001
MO,1,3/23/16,US0001
MO,1,3/30/16,US0001
MO,2,4/6/16,US0001
MO,3,4/13/16,US0001
MO,3,4/20/16,US0001
MO,3,4/27/16,US0001
MO,3,5/4/16,US0001
MO,3,5/11/16,US0001
MO,3,5/18/16,US0001
MO,3,5/25/16,US0001
MO,4,6/1/16,US0001
MO,4,6/8/16,US0001
MO,4,6/15/16,US0001
MO,5,6/22/16,US0001
MO,5,6/29/16,US0001
MO,6,7/6/16,US0001
MO,8,7/13/16,US0001
MO,8,7/27/16,US0001
MO,10,8/3/16,US0001
MO,14,8/10/16,US0001
MO,18,8/17/16,US0001
MO,20,8/24/16,US0001
MO,23,8/31/16,US0001
MO,26,9/7/16,US0001
MO,26,9/14/16,US0001
MO,0,3/9/16,US0002
MO,0,3/16/16,US0002
MO,0,3/23/16,US0002
MO,0,3/30/16,US0002
MO,0,4/6/16,US0002
MO,0,4/13/16,US0002
MO,0,4/20/16,US0002
MO,0,4/27/16,US0002
MO,0,5/4/16,US0002
MO,0,5/11/16,US0002
MO,0,5/18/16,US0002
MO,0,5/25/16,US0002
MO,0,6/1/16,US0002
MO,0,6/8/16,US0002
MO,0,6/15/16,US0002
MO,0,6/22/16,US0002
MO,0,6/29/16,US0002
MO,0,7/6/16,US0002
MO,0,7/13/16,US0002
MO,0,7/27/16,US0002
MO,0,8/3/16,US0002
MO,0,8/10/16,US0002
MO,0,8/17/16,US0002
MO,0,8/24/16,US0002
MO,0,8/31/16,US0002
MO,0,9/7/16,US0002
MO,0,9/14/16,US0002
MT,1,3/2/16,US0001
MT,1,3/9/16,US0001
MT,1,3/16/16,US0001
MT,1,3/23/16,US0001
MT,1,3/30/16,US0001
MT,1,4/6/16,US0001
MT,1,4/13/16,US0001
MT,1,4/20/16,US0001
MT,1,4/27/16,US0001
MT,1,5/4/16,US0001
MT,1,5/11/16,US0001
MT,1,5/18/16,US0001
MT,1,5/25/16,US0001
MT,1,6/1/16,US0001
MT,1,6/8/16,US0001
MT,1,6/15/16,US0001
MT,1,6/22/16,US0001
MT,1,6/29/16,US0001
MT,1,7/6/16,US0001
MT,1,7/13/16,US0001
MT,1,7/27/16,US0001
MT,1,8/3/16,US0001
MT,4,8/10/16,US0001
MT,4,8/17/16,US0001
MT,4,8/24/16,US0001
MT,7,8/31/16,US0001
MT,7,9/7/16,US0001
MT,7,9/14/16,US0001
MT,0,3/2/16,US0002
MT,0,3/9/16,US0002
MT,0,3/16/16,US0002
MT,0,3/23/16,US0002
MT,0,3/30/16,US0002
MT,0,4/6/16,US0002
MT,0,4/13/16,US0002
MT,0,4/20/16,US0002
MT,0,4/27/16,US0002
MT,0,5/4/16,US0002
MT,0,5/11/16,US0002
MT,0,5/18/16,US0002
MT,0,5/25/16,US0002
MT,0,6/1/16,US0002
MT,0,6/8/16,US0002
MT,0,6/15/16,US0002
MT,0,6/22/16,US0002
MT,0,6/29/16,US0002
MT,0,7/6/16,US0002
MT,0,7/13/16,US0002
MT,0,7/27/16,US0002
MT,0,8/3/16,US0002
MT,0,8/10/16,US0002
MT,0,8/17/16,US0002
MT,0,8/24/16,US0002
MT,0,8/31/16,US0002
MT,0,9/7/16,US0002
MT,0,9/14/16,US0002
NE,2,2/24/16,US0001
NE,2,3/2/16,US0001
NE,2,3/9/16,US0001
NE,2,3/16/16,US0001
NE,2,3/23/16,US0001
NE,2,3/30/16,US0001
NE,2,4/6/16,US0001
NE,2,4/13/16,US0001
NE,2,4/20/16,US0001
NE,2,4/27/16,US0001
NE,2,5/4/16,US0001
NE,2,5/11/16,US0001
NE,2,5/18/16,US0001
NE,2,5/25/16,US0001
NE,2,6/1/16,US0001
NE,2,6/8/16,US0001
NE,2,6/15/16,US0001
NE,2,6/22/16,US0001
NE,2,6/29/16,US0001
NE,2,7/6/16,US0001
NE,3,7/13/16,US0001
NE,4,7/27/16,US0001
NE,4,8/3/16,US0001
NE,6,8/10/16,US0001
NE,6,8/17/16,US0001
NE,7,8/24/16,US0001
NE,8,8/31/16,US0001
NE,8,9/7/16,US0001
NE,8,9/14/16,US0001
NE,0,2/24/16,US0002
NE,0,3/2/16,US0002
NE,0,3/9/16,US0002
NE,0,3/16/16,US0002
NE,0,3/23/16,US0002
NE,0,3/30/16,US0002
NE,0,4/6/16,US0002
NE,0,4/13/16,US0002
NE,0,4/20/16,US0002
NE,0,4/27/16,US0002
NE,0,5/4/16,US0002
NE,0,5/11/16,US0002
NE,0,5/18/16,US0002
NE,0,5/25/16,US0002
NE,0,6/1/16,US0002
NE,0,6/8/16,US0002
NE,0,6/15/16,US0002
NE,0,6/22/16,US0002
NE,0,6/29/16,US0002
NE,0,7/6/16,US0002
NE,0,7/13/16,US0002
NE,0,7/27/16,US0002
NE,0,8/3/16,US0002
NE,0,8/10/16,US0002
NE,0,8/17/16,US0002
NE,0,8/24/16,US0002
NE,0,8/31/16,US0002
NE,0,9/7/16,US0002
NE,0,9/14/16,US0002
NV,2,3/30/16,US0001
NV,2,4/6/16,US0001
NV,2,4/13/16,US0001
NV,2,4/20/16,US0001
NV,6,5/18/16,US0001
NV,6,5/25/16,US0001
NV,6,6/1/16,US0001
NV,6,6/8/16,US0001
NV,7,6/15/16,US0001
NV,7,6/22/16,US0001
NV,7,6/29/16,US0001
NV,7,7/6/16,US0001
NV,9,7/13/16,US0001
NV,11,7/27/16,US0001
NV,11,8/3/16,US0001
NV,12,8/10/16,US0001
NV,13,8/17/16,US0001
NV,13,8/24/16,US0001
NV,13,8/31/16,US0001
NV,14,9/7/16,US0001
NV,14,9/14/16,US0001
NV,0,3/30/16,US0002
NV,0,4/6/16,US0002
NV,0,4/13/16,US0002
NV,0,4/20/16,US0002
NV,0,5/18/16,US0002
NV,0,5/25/16,US0002
NV,0,6/1/16,US0002
NV,0,6/8/16,US0002
NV,0,6/15/16,US0002
NV,0,6/22/16,US0002
NV,0,6/29/16,US0002
NV,0,7/6/16,US0002
NV,0,7/13/16,US0002
NV,0,7/27/16,US0002
NV,0,8/3/16,US0002
NV,0,8/10/16,US0002
NV,0,8/17/16,US0002
NV,0,8/24/16,US0002
NV,0,8/31/16,US0002
NV,0,9/7/16,US0002
NV,0,9/14/16,US0002
NH,1,3/9/16,US0001
NH,2,3/16/16,US0001
NH,2,3/23/16,US0001
NH,2,3/30/16,US0001
NH,2,4/6/16,US0001
NH,2,4/13/16,US0001
NH,2,4/20/16,US0001
NH,3,4/27/16,US0001
NH,3,5/4/16,US0001
NH,3,5/11/16,US0001
NH,3,5/18/16,US0001
NH,3,5/25/16,US0001
NH,4,6/1/16,US0001
NH,4,6/8/16,US0001
NH,4,6/15/16,US0001
NH,4,6/22/16,US0001
NH,4,6/29/16,US0001
NH,4,7/6/16,US0001
NH,4,7/13/16,US0001
NH,7,7/27/16,US0001
NH,8,8/3/16,US0001
NH,8,8/10/16,US0001
NH,8,8/17/16,US0001
NH,8,8/24/16,US0001
NH,8,8/31/16,US0001
NH,8,9/7/16,US0001
NH,8,9/14/16,US0001
NH,0,3/9/16,US0002
NH,0,3/16/16,US0002
NH,0,3/23/16,US0002
NH,0,3/30/16,US0002
NH,0,4/6/16,US0002
NH,0,4/13/16,US0002
NH,0,4/20/16,US0002
NH,0,4/27/16,US0002
NH,0,5/4/16,US0002
NH,0,5/11/16,US0002
NH,0,5/18/16,US0002
NH,0,5/25/16,US0002
NH,0,6/1/16,US0002
NH,0,6/8/16,US0002
NH,0,6/15/16,US0002
NH,0,6/22/16,US0002
NH,0,6/29/16,US0002
NH,0,7/6/16,US0002
NH,0,7/13/16,US0002
NH,0,7/27/16,US0002
NH,0,8/3/16,US0002
NH,0,8/10/16,US0002
NH,0,8/17/16,US0002
NH,0,8/24/16,US0002
NH,0,8/31/16,US0002
NH,0,9/7/16,US0002
NH,0,9/14/16,US0002
NJ,1,2/24/16,US0001
NJ,1,3/2/16,US0001
NJ,2,3/9/16,US0001
NJ,2,3/16/16,US0001
NJ,2,3/23/16,US0001
NJ,5,3/30/16,US0001
NJ,5,4/6/16,US0001
NJ,8,4/13/16,US0001
NJ,8,4/20/16,US0001
NJ,9,4/27/16,US0001
NJ,9,5/4/16,US0001
NJ,12,5/11/16,US0001
NJ,12,5/18/16,US0001
NJ,14,5/25/16,US0001
NJ,14,6/1/16,US0001
NJ,17,6/8/16,US0001
NJ,17,6/15/16,US0001
NJ,17,6/22/16,US0001
NJ,21,6/29/16,US0001
NJ,45,7/6/16,US0001
NJ,50,7/13/16,US0001
NJ,50,7/27/16,US0001
NJ,50,8/3/16,US0001
NJ,54,8/10/16,US0001
NJ,66,8/17/16,US0001
NJ,91,8/24/16,US0001
NJ,91,8/31/16,US0001
NJ,91,9/7/16,US0001
NJ,116,9/14/16,US0001
NJ,0,2/24/16,US0002
NJ,0,3/2/16,US0002
NJ,0,3/9/16,US0002
NJ,0,3/16/16,US0002
NJ,0,3/23/16,US0002
NJ,0,3/30/16,US0002
NJ,0,4/6/16,US0002
NJ,0,4/13/16,US0002
NJ,0,4/20/16,US0002
NJ,0,4/27/16,US0002
NJ,0,5/4/16,US0002
NJ,0,5/11/16,US0002
NJ,0,5/18/16,US0002
NJ,0,5/25/16,US0002
NJ,0,6/1/16,US0002
NJ,0,6/8/16,US0002
NJ,0,6/15/16,US0002
NJ,0,6/22/16,US0002
NJ,0,6/29/16,US0002
NJ,0,7/6/16,US0002
NJ,0,7/13/16,US0002
NJ,0,7/27/16,US0002
NJ,0,8/3/16,US0002
NJ,0,8/10/16,US0002
NJ,0,8/17/16,US0002
NJ,0,8/24/16,US0002
NJ,0,8/31/16,US0002
NJ,0,9/7/16,US0002
NJ,0,9/14/16,US0002
NM,1,4/20/16,US0001
NM,1,5/18/16,US0001
NM,1,5/25/16,US0001
NM,1,6/1/16,US0001
NM,3,6/8/16,US0001
NM,3,6/15/16,US0001
NM,3,6/22/16,US0001
NM,3,6/29/16,US0001
NM,3,7/6/16,US0001
NM,3,7/13/16,US0001
NM,3,7/27/16,US0001
NM,3,8/3/16,US0001
NM,3,8/10/16,US0001
NM,3,8/17/16,US0001
NM,3,8/24/16,US0001
NM,3,8/31/16,US0001
NM,4,9/7/16,US0001
NM,6,9/14/16,US0001
NM,0,4/20/16,US0002
NM,0,5/18/16,US0002
NM,0,5/25/16,US0002
NM,0,6/1/16,US0002
NM,0,6/8/16,US0002
NM,0,6/15/16,US0002
NM,0,6/22/16,US0002
NM,0,6/29/16,US0002
NM,0,7/6/16,US0002
NM,0,7/13/16,US0002
NM,0,7/27/16,US0002
NM,0,8/3/16,US0002
NM,0,8/10/16,US0002
NM,0,8/17/16,US0002
NM,0,8/24/16,US0002
NM,0,8/31/16,US0002
NM,0,9/7/16,US0002
NM,0,9/14/16,US0002
NY,17,2/24/16,US0001
NY,23,3/2/16,US0001
NY,25,3/9/16,US0001
NY,42,3/16/16,US0001
NY,43,3/23/16,US0001
NY,46,3/30/16,US0001
NY,55,4/6/16,US0001
NY,54,4/13/16,US0001
NY,60,4/20/16,US0001
NY,77,4/27/16,US0001
NY,89,5/4/16,US0001
NY,98,5/11/16,US0001
NY,114,5/18/16,US0001
NY,127,5/25/16,US0001
NY,130,6/1/16,US0001
NY,164,6/8/16,US0001
NY,174,6/15/16,US0001
NY,198,6/22/16,US0001
NY,236,6/29/16,US0001
NY,285,7/6/16,US0001
NY,339,7/13/16,US0001
NY,449,7/27/16,US0001
NY,491,8/3/16,US0001
NY,530,8/10/16,US0001
NY,579,8/17/16,US0001
NY,601,8/24/16,US0001
NY,625,8/31/16,US0001
NY,661,9/7/16,US0001
NY,685,9/14/16,US0001
NY,0,2/24/16,US0002
NY,0,3/2/16,US0002
NY,0,3/9/16,US0002
NY,0,3/16/16,US0002
NY,0,3/23/16,US0002
NY,0,3/30/16,US0002
NY,0,4/6/16,US0002
NY,0,4/13/16,US0002
NY,0,4/20/16,US0002
NY,0,4/27/16,US0002
NY,0,5/4/16,US0002
NY,0,5/11/16,US0002
NY,0,5/18/16,US0002
NY,0,5/25/16,US0002
NY,0,6/1/16,US0002
NY,0,6/8/16,US0002
NY,0,6/15/16,US0002
NY,0,6/22/16,US0002
NY,0,6/29/16,US0002
NY,0,7/6/16,US0002
NY,0,7/13/16,US0002
NY,0,7/27/16,US0002
NY,0,8/3/16,US0002
NY,0,8/10/16,US0002
NY,0,8/17/16,US0002
NY,0,8/24/16,US0002
NY,0,8/31/16,US0002
NY,0,9/7/16,US0002
NY,0,9/14/16,US0002
NC,2,3/2/16,US0001
NC,5,3/9/16,US0001
NC,6,3/16/16,US0001
NC,7,3/23/16,US0001
NC,7,3/30/16,US0001
NC,8,4/6/16,US0001
NC,9,4/13/16,US0001
NC,10,4/20/16,US0001
NC,10,4/27/16,US0001
NC,11,5/4/16,US0001
NC,11,5/11/16,US0001
NC,11,5/18/16,US0001
NC,12,5/25/16,US0001
NC,12,6/1/16,US0001
NC,11,6/8/16,US0001
NC,15,6/15/16,US0001
NC,15,6/22/16,US0001
NC,16,6/29/16,US0001
NC,17,7/6/16,US0001
NC,18,7/13/16,US0001
NC,21,7/27/16,US0001
NC,30,8/3/16,US0001
NC,33,8/10/16,US0001
NC,35,8/17/16,US0001
NC,35,8/24/16,US0001
NC,48,8/31/16,US0001
NC,52,9/7/16,US0001
NC,61,9/14/16,US0001
NC,0,3/2/16,US0002
NC,0,3/9/16,US0002
NC,0,3/16/16,US0002
NC,0,3/23/16,US0002
NC,0,3/30/16,US0002
NC,0,4/6/16,US0002
NC,0,4/13/16,US0002
NC,0,4/20/16,US0002
NC,0,4/27/16,US0002
NC,0,5/4/16,US0002
NC,0,5/11/16,US0002
NC,0,5/18/16,US0002
NC,0,5/25/16,US0002
NC,0,6/1/16,US0002
NC,0,6/8/16,US0002
NC,0,6/15/16,US0002
NC,0,6/22/16,US0002
NC,0,6/29/16,US0002
NC,0,7/6/16,US0002
NC,0,7/13/16,US0002
NC,0,7/27/16,US0002
NC,0,8/3/16,US0002
NC,0,8/10/16,US0002
NC,0,8/17/16,US0002
NC,0,8/24/16,US0002
NC,0,8/31/16,US0002
NC,0,9/7/16,US0002
NC,0,9/14/16,US0002
ND,1,7/27/16,US0001
ND,1,8/3/16,US0001
ND,1,8/10/16,US0001
ND,1,8/17/16,US0001
ND,1,8/24/16,US0001
ND,1,8/31/16,US0001
ND,1,9/7/16,US0001
ND,1,9/14/16,US0001
ND,0,7/27/16,US0002
ND,0,8/3/16,US0002
ND,0,8/10/16,US0002
ND,0,8/17/16,US0002
ND,0,8/24/16,US0002
ND,0,8/31/16,US0002
ND,0,9/7/16,US0002
ND,0,9/14/16,US0002
OH,4,2/24/16,US0001
OH,5,3/2/16,US0001
OH,6,3/9/16,US0001
OH,8,3/16/16,US0001
OH,8,3/23/16,US0001
OH,9,3/30/16,US0001
OH,9,4/6/16,US0001
OH,9,4/13/16,US0001
OH,10,4/20/16,US0001
OH,12,4/27/16,US0001
OH,12,5/4/16,US0001
OH,12,5/11/16,US0001
OH,12,5/18/16,US0001
OH,12,5/25/16,US0001
OH,12,6/1/16,US0001
OH,14,6/8/16,US0001
OH,14,6/15/16,US0001
OH,14,6/22/16,US0001
OH,16,6/29/16,US0001
OH,21,7/6/16,US0001
OH,25,7/13/16,US0001
OH,26,7/27/16,US0001
OH,26,8/3/16,US0001
OH,26,8/10/16,US0001
OH,33,8/17/16,US0001
OH,33,8/24/16,US0001
OH,33,8/31/16,US0001
OH,36,9/7/16,US0001
OH,36,9/14/16,US0001
OH,0,2/24/16,US0002
OH,0,3/2/16,US0002
OH,0,3/9/16,US0002
OH,0,3/16/16,US0002
OH,0,3/23/16,US0002
OH,0,3/30/16,US0002
OH,0,4/6/16,US0002
OH,0,4/13/16,US0002
OH,0,4/20/16,US0002
OH,0,4/27/16,US0002
OH,0,5/4/16,US0002
OH,0,5/11/16,US0002
OH,0,5/18/16,US0002
OH,0,5/25/16,US0002
OH,0,6/1/16,US0002
OH,0,6/8/16,US0002
OH,0,6/15/16,US0002
OH,0,6/22/16,US0002
OH,0,6/29/16,US0002
OH,0,7/6/16,US0002
OH,0,7/13/16,US0002
OH,0,7/27/16,US0002
OH,0,8/3/16,US0002
OH,0,8/10/16,US0002
OH,0,8/17/16,US0002
OH,0,8/24/16,US0002
OH,0,8/31/16,US0002
OH,0,9/7/16,US0002
OH,0,9/14/16,US0002
OK,2,3/9/16,US0001
OK,3,3/16/16,US0001
OK,3,3/23/16,US0001
OK,3,3/30/16,US0001
OK,3,4/6/16,US0001
OK,3,4/13/16,US0001
OK,4,4/20/16,US0001
OK,4,4/27/16,US0001
OK,4,5/4/16,US0001
OK,4,5/11/16,US0001
OK,4,5/18/16,US0001
OK,4,5/25/16,US0001
OK,4,6/1/16,US0001
OK,5,6/8/16,US0001
OK,6,6/15/16,US0001
OK,6,6/22/16,US0001
OK,6,6/29/16,US0001
OK,12,7/6/16,US0001
OK,12,7/13/16,US0001
OK,13,7/27/16,US0001
OK,13,8/3/16,US0001
OK,17,8/10/16,US0001
OK,19,8/17/16,US0001
OK,20,8/24/16,US0001
OK,20,8/31/16,US0001
OK,20,9/7/16,US0001
OK,26,9/14/16,US0001
OK,0,3/9/16,US0002
OK,0,3/16/16,US0002
OK,0,3/23/16,US0002
OK,0,3/30/16,US0002
OK,0,4/6/16,US0002
OK,0,4/13/16,US0002
OK,0,4/20/16,US0002
OK,0,4/27/16,US0002
OK,0,5/4/16,US0002
OK,0,5/11/16,US0002
OK,0,5/18/16,US0002
OK,0,5/25/16,US0002
OK,0,6/1/16,US0002
OK,0,6/8/16,US0002
OK,0,6/15/16,US0002
OK,0,6/22/16,US0002
OK,0,6/29/16,US0002
OK,0,7/6/16,US0002
OK,0,7/13/16,US0002
OK,0,7/27/16,US0002
OK,0,8/3/16,US0002
OK,0,8/10/16,US0002
OK,0,8/17/16,US0002
OK,0,8/24/16,US0002
OK,0,8/31/16,US0002
OK,0,9/7/16,US0002
OK,0,9/14/16,US0002
OR,1,2/24/16,US0001
OR,5,3/2/16,US0001
OR,5,3/9/16,US0001
OR,6,3/16/16,US0001
OR,6,3/23/16,US0001
OR,6,3/30/16,US0001
OR,6,4/6/16,US0001
OR,6,4/13/16,US0001
OR,6,4/20/16,US0001
OR,6,4/27/16,US0001
OR,6,5/4/16,US0001
OR,6,5/11/16,US0001
OR,6,5/18/16,US0001
OR,6,5/25/16,US0001
OR,6,6/1/16,US0001
OR,6,6/8/16,US0001
OR,7,6/15/16,US0001
OR,7,6/22/16,US0001
OR,7,6/29/16,US0001
OR,7,7/6/16,US0001
OR,12,7/13/16,US0001
OR,12,7/27/16,US0001
OR,14,8/3/16,US0001
OR,14,8/10/16,US0001
OR,14,8/17/16,US0001
OR,19,8/24/16,US0001
OR,19,8/31/16,US0001
OR,19,9/7/16,US0001
OR,23,9/14/16,US0001
OR,0,2/24/16,US0002
OR,0,3/2/16,US0002
OR,0,3/9/16,US0002
OR,0,3/16/16,US0002
OR,0,3/23/16,US0002
OR,0,3/30/16,US0002
OR,0,4/6/16,US0002
OR,0,4/13/16,US0002
OR,0,4/20/16,US0002
OR,0,4/27/16,US0002
OR,0,5/4/16,US0002
OR,0,5/11/16,US0002
OR,0,5/18/16,US0002
OR,0,5/25/16,US0002
OR,0,6/1/16,US0002
OR,0,6/8/16,US0002
OR,0,6/15/16,US0002
OR,0,6/22/16,US0002
OR,0,6/29/16,US0002
OR,0,7/6/16,US0002
OR,0,7/13/16,US0002
OR,0,7/27/16,US0002
OR,0,8/3/16,US0002
OR,0,8/10/16,US0002
OR,0,8/17/16,US0002
OR,0,8/24/16,US0002
OR,0,8/31/16,US0002
OR,0,9/7/16,US0002
OR,0,9/14/16,US0002
PA,4,2/24/16,US0001
PA,5,3/2/16,US0001
PA,6,3/9/16,US0001
PA,8,3/16/16,US0001
PA,8,3/23/16,US0001
PA,11,3/30/16,US0001
PA,12,4/6/16,US0001
PA,12,4/13/16,US0001
PA,15,4/20/16,US0001
PA,16,4/27/16,US0001
PA,17,5/4/16,US0001
PA,18,5/11/16,US0001
PA,19,5/18/16,US0001
PA,19,5/25/16,US0001
PA,19,6/1/16,US0001
PA,23,6/8/16,US0001
PA,23,6/15/16,US0001
PA,24,6/22/16,US0001
PA,31,6/29/16,US0001
PA,35,7/6/16,US0001
PA,39,7/13/16,US0001
PA,48,7/27/16,US0001
PA,58,8/3/16,US0001
PA,63,8/10/16,US0001
PA,69,8/17/16,US0001
PA,77,8/24/16,US0001
PA,90,8/31/16,US0001
PA,95,9/7/16,US0001
PA,102,9/14/16,US0001
PA,0,2/24/16,US0002
PA,0,3/2/16,US0002
PA,0,3/9/16,US0002
PA,0,3/16/16,US0002
PA,0,3/23/16,US0002
PA,0,3/30/16,US0002
PA,0,4/6/16,US0002
PA,0,4/13/16,US0002
PA,0,4/20/16,US0002
PA,0,4/27/16,US0002
PA,0,5/4/16,US0002
PA,0,5/11/16,US0002
PA,0,5/18/16,US0002
PA,0,5/25/16,US0002
PA,0,6/1/16,US0002
PA,0,6/8/16,US0002
PA,0,6/15/16,US0002
PA,0,6/22/16,US0002
PA,0,6/29/16,US0002
PA,0,7/6/16,US0002
PA,0,7/13/16,US0002
PA,0,7/27/16,US0002
PA,0,8/3/16,US0002
PA,0,8/10/16,US0002
PA,0,8/17/16,US0002
PA,0,8/24/16,US0002
PA,0,8/31/16,US0002
PA,0,9/7/16,US0002
PA,0,9/14/16,US0002
PR,1,2/24/16,US0001
PR,1,3/2/16,US0001
PR,1,3/9/16,US0001
PR,2,3/16/16,US0001
PR,3,3/23/16,US0001
PR,2,3/30/16,US0001
PR,2,4/6/16,US0001
PR,3,4/13/16,US0001
PR,2,4/20/16,US0001
PR,2,4/27/16,US0001
PR,2,5/4/16,US0001
PR,2,5/11/16,US0001
PR,3,5/18/16,US0001
PR,3,5/25/16,US0001
PR,3,6/8/16,US0001
PR,3,6/15/16,US0001
PR,5,6/22/16,US0001
PR,5,6/29/16,US0001
PR,7,7/6/16,US0001
PR,8,7/13/16,US0001
PR,18,7/27/16,US0001
PR,22,8/3/16,US0001
PR,30,8/10/16,US0001
PR,34,8/17/16,US0001
PR,42,8/24/16,US0001
PR,50,8/31/16,US0001
PR,59,9/7/16,US0001
PR,64,9/14/16,US0001
PR,34,2/24/16,US0002
PR,102,3/2/16,US0002
PR,159,3/9/16,US0002
PR,259,3/16/16,US0002
PR,258,3/23/16,US0002
PR,325,3/30/16,US0002
PR,325,4/6/16,US0002
PR,445,4/13/16,US0002
PR,474,4/20/16,US0002
PR,570,4/27/16,US0002
PR,629,5/4/16,US0002
PR,669,5/11/16,US0002
PR,803,5/18/16,US0002
PR,903,5/25/16,US0002
PR,1259,6/8/16,US0002
PR,1386,6/15/16,US0002
PR,1804,6/22/16,US0002
PR,1970,6/29/16,US0002
PR,2474,7/6/16,US0002
PR,2843,7/13/16,US0002
PR,4666,7/27/16,US0002
PR,5460,8/3/16,US0002
PR,6475,8/10/16,US0002
PR,7855,8/17/16,US0002
PR,8746,8/24/16,US0002
PR,13791,8/31/16,US0002
PR,15541,9/7/16,US0002
PR,17315,9/14/16,US0002
RI,3,5/18/16,US0001
RI,8,6/15/16,US0001
RI,11,6/22/16,US0001
RI,15,6/29/16,US0001
RI,16,7/6/16,US0001
RI,16,7/13/16,US0001
RI,16,7/27/16,US0001
RI,18,8/3/16,US0001
RI,18,8/10/16,US0001
RI,25,8/17/16,US0001
RI,28,8/24/16,US0001
RI,28,8/31/16,US0001
RI,29,9/7/16,US0001
RI,29,9/14/16,US0001
RI,0,5/18/16,US0002
RI,0,6/15/16,US0002
RI,0,6/22/16,US0002
RI,0,6/29/16,US0002
RI,0,7/6/16,US0002
RI,0,7/13/16,US0002
RI,0,7/27/16,US0002
RI,0,8/3/16,US0002
RI,0,8/10/16,US0002
RI,0,8/17/16,US0002
RI,0,8/24/16,US0002
RI,0,8/31/16,US0002
RI,0,9/7/16,US0002
RI,0,9/14/16,US0002
SC,1,5/18/16,US0001
SC,1,6/15/16,US0001
SC,1,6/22/16,US0001
SC,6,6/29/16,US0001
SC,6,7/6/16,US0001
SC,13,7/13/16,US0001
SC,26,7/27/16,US0001
SC,28,8/3/16,US0001
SC,31,8/10/16,US0001
SC,31,8/17/16,US0001
SC,31,8/24/16,US0001
SC,31,8/31/16,US0001
SC,31,9/7/16,US0001
SC,31,9/14/16,US0001
SC,0,5/18/16,US0002
SC,0,6/15/16,US0002
SC,0,6/22/16,US0002
SC,0,6/29/16,US0002
SC,0,7/6/16,US0002
SC,0,7/13/16,US0002
SC,0,7/27/16,US0002
SC,0,8/3/16,US0002
SC,0,8/10/16,US0002
SC,0,8/17/16,US0002
SC,0,8/24/16,US0002
SC,0,8/31/16,US0002
SC,0,9/7/16,US0002
SC,0,9/14/16,US0002
SD,1,8/24/16,US0001
SD,1,8/31/16,US0001
SD,1,9/7/16,US0001
SD,1,9/14/16,US0001
SD,0,8/24/16,US0002
SD,0,8/31/16,US0002
SD,0,9/7/16,US0002
SD,0,9/14/16,US0002
TN,1,2/24/16,US0001
TN,1,3/2/16,US0001
TN,1,3/9/16,US0001
TN,1,3/16/16,US0001
TN,1,3/23/16,US0001
TN,1,3/30/16,US0001
TN,1,4/6/16,US0001
TN,2,4/13/16,US0001
TN,2,4/20/16,US0001
TN,2,4/27/16,US0001
TN,2,5/4/16,US0001
TN,2,5/11/16,US0001
TN,2,5/18/16,US0001
TN,3,5/25/16,US0001
TN,4,6/1/16,US0001
TN,4,6/8/16,US0001
TN,4,6/15/16,US0001
TN,5,6/22/16,US0001
TN,8,6/29/16,US0001
TN,10,7/6/16,US0001
TN,14,7/13/16,US0001
TN,16,7/27/16,US0001
TN,22,8/3/16,US0001
TN,27,8/10/16,US0001
TN,33,8/17/16,US0001
TN,35,8/24/16,US0001
TN,37,8/31/16,US0001
TN,38,9/7/16,US0001
TN,39,9/14/16,US0001
TN,0,2/24/16,US0002
TN,0,3/2/16,US0002
TN,0,3/9/16,US0002
TN,0,3/16/16,US0002
TN,0,3/23/16,US0002
TN,0,3/30/16,US0002
TN,0,4/6/16,US0002
TN,0,4/13/16,US0002
TN,0,4/20/16,US0002
TN,0,4/27/16,US0002
TN,0,5/4/16,US0002
TN,0,5/11/16,US0002
TN,0,5/18/16,US0002
TN,0,5/25/16,US0002
TN,0,6/1/16,US0002
TN,0,6/8/16,US0002
TN,0,6/15/16,US0002
TN,0,6/22/16,US0002
TN,0,6/29/16,US0002
TN,0,7/6/16,US0002
TN,0,7/13/16,US0002
TN,0,7/27/16,US0002
TN,0,8/3/16,US0002
TN,0,8/10/16,US0002
TN,0,8/17/16,US0002
TN,0,8/24/16,US0002
TN,0,8/31/16,US0002
TN,0,9/7/16,US0002
TN,0,9/14/16,US0002
TX,13,2/24/16,US0001
TX,15,3/2/16,US0001
TX,19,3/9/16,US0001
TX,34,3/16/16,US0001
TX,23,3/23/16,US0001
TX,27,3/30/16,US0001
TX,27,4/6/16,US0001
TX,27,4/13/16,US0001
TX,30,4/20/16,US0001
TX,30,4/27/16,US0001
TX,30,5/4/16,US0001
TX,32,5/11/16,US0001
TX,35,5/18/16,US0001
TX,36,5/25/16,US0001
TX,36,6/1/16,US0001
TX,40,6/8/16,US0001
TX,42,6/15/16,US0001
TX,42,6/22/16,US0001
TX,49,6/29/16,US0001
TX,53,7/6/16,US0001
TX,57,7/13/16,US0001
TX,76,7/27/16,US0001
TX,89,8/3/16,US0001
TX,99,8/10/16,US0001
TX,108,8/17/16,US0001
TX,125,8/24/16,US0001
TX,136,8/31/16,US0001
TX,161,9/7/16,US0001
TX,181,9/14/16,US0001
TX,0,2/24/16,US0002
TX,0,3/2/16,US0002
TX,0,3/9/16,US0002
TX,0,3/16/16,US0002
TX,0,3/23/16,US0002
TX,0,3/30/16,US0002
TX,0,4/6/16,US0002
TX,0,4/13/16,US0002
TX,0,4/20/16,US0002
TX,0,4/27/16,US0002
TX,0,5/4/16,US0002
TX,0,5/11/16,US0002
TX,0,5/18/16,US0002
TX,0,5/25/16,US0002
TX,0,6/1/16,US0002
TX,0,6/8/16,US0002
TX,0,6/15/16,US0002
TX,0,6/22/16,US0002
TX,0,6/29/16,US0002
TX,0,7/6/16,US0002
TX,0,7/13/16,US0002
TX,0,7/27/16,US0002
TX,0,8/3/16,US0002
TX,0,8/10/16,US0002
TX,0,8/17/16,US0002
TX,0,8/24/16,US0002
TX,0,8/31/16,US0002
TX,0,9/7/16,US0002
TX,0,9/14/16,US0002
VI,0,2/24/16,US0001
VI,0,3/2/16,US0001
VI,0,3/9/16,US0001
VI,1,3/16/16,US0001
VI,1,3/23/16,US0001
VI,1,3/30/16,US0001
VI,1,4/6/16,US0001
VI,1,4/13/16,US0001
VI,1,4/20/16,US0001
VI,1,4/27/16,US0001
VI,1,5/4/16,US0001
VI,1,5/11/16,US0001
VI,1,5/18/16,US0001
VI,1,5/25/16,US0001
VI,1,6/1/16,US0001
VI,1,6/8/16,US0001
VI,1,6/15/16,US0001
VI,1,6/22/16,US0001
VI,1,6/29/16,US0001
VI,1,7/6/16,US0001
VI,1,7/13/16,US0001
VI,1,7/27/16,US0001
VI,1,8/3/16,US0001
VI,1,8/10/16,US0001
VI,1,8/17/16,US0001
VI,1,8/24/16,US0001
VI,1,8/31/16,US0001
VI,1,9/7/16,US0001
VI,1,9/14/16,US0001
VI,1,2/24/16,US0002
VI,1,3/2/16,US0002
VI,1,3/9/16,US0002
VI,10,3/16/16,US0002
VI,10,3/23/16,US0002
VI,10,3/30/16,US0002
VI,12,4/6/16,US0002
VI,12,4/13/16,US0002
VI,12,4/20/16,US0002
VI,12,4/27/16,US0002
VI,15,5/4/16,US0002
VI,15,5/11/16,US0002
VI,15,5/18/16,US0002
VI,15,5/25/16,US0002
VI,21,6/1/16,US0002
VI,21,6/8/16,US0002
VI,21,6/15/16,US0002
VI,21,6/22/16,US0002
VI,21,6/29/16,US0002
VI,21,7/6/16,US0002
VI,21,7/13/16,US0002
VI,21,7/27/16,US0002
VI,21,8/3/16,US0002
VI,68,8/10/16,US0002
VI,101,8/17/16,US0002
VI,176,8/24/16,US0002
VI,221,8/31/16,US0002
VI,221,9/7/16,US0002
VI,265,9/14/16,US0002
UT,2,3/30/16,US0001
UT,2,4/6/16,US0001
UT,2,4/13/16,US0001
UT,2,4/20/16,US0001
UT,2,5/18/16,US0001
UT,2,5/25/16,US0001
UT,2,6/1/16,US0001
UT,2,6/8/16,US0001
UT,2,6/15/16,US0001
UT,2,6/22/16,US0001
UT,2,6/29/16,US0001
UT,3,7/6/16,US0001
UT,5,7/13/16,US0001
UT,6,7/27/16,US0001
UT,6,8/3/16,US0001
UT,6,8/10/16,US0001
UT,6,8/17/16,US0001
UT,7,8/24/16,US0001
UT,10,8/31/16,US0001
UT,12,9/7/16,US0001
UT,11,9/14/16,US0001
UT,0,3/30/16,US0002
UT,0,4/6/16,US0002
UT,0,4/13/16,US0002
UT,0,4/20/16,US0002
UT,0,5/18/16,US0002
UT,0,5/25/16,US0002
UT,0,6/1/16,US0002
UT,0,6/8/16,US0002
UT,0,6/15/16,US0002
UT,0,6/22/16,US0002
UT,0,6/29/16,US0002
UT,0,7/6/16,US0002
UT,0,7/13/16,US0002
UT,0,7/27/16,US0002
UT,0,8/3/16,US0002
UT,0,8/10/16,US0002
UT,0,8/17/16,US0002
UT,0,8/24/16,US0002
UT,0,8/31/16,US0002
UT,0,9/7/16,US0002
UT,0,9/14/16,US0002
VT,1,5/18/16,US0001
VT,1,6/15/16,US0001
VT,1,6/22/16,US0001
VT,2,6/29/16,US0001
VT,2,7/6/16,US0001
VT,3,7/13/16,US0001
VT,6,7/27/16,US0001
VT,6,8/3/16,US0001
VT,6,8/10/16,US0001
VT,6,8/17/16,US0001
VT,7,8/24/16,US0001
VT,7,8/31/16,US0001
VT,7,9/7/16,US0001
VT,7,9/14/16,US0001
VT,0,5/18/16,US0002
VT,0,6/15/16,US0002
VT,0,6/22/16,US0002
VT,0,6/29/16,US0002
VT,0,7/6/16,US0002
VT,0,7/13/16,US0002
VT,0,7/27/16,US0002
VT,0,8/3/16,US0002
VT,0,8/10/16,US0002
VT,0,8/17/16,US0002
VT,0,8/24/16,US0002
VT,0,8/31/16,US0002
VT,0,9/7/16,US0002
VT,0,9/14/16,US0002
VA,3,2/24/16,US0001
VA,5,3/2/16,US0001
VA,6,3/9/16,US0001
VA,7,3/16/16,US0001
VA,7,3/23/16,US0001
VA,8,3/30/16,US0001
VA,8,4/6/16,US0001
VA,8,4/13/16,US0001
VA,10,4/20/16,US0001
VA,12,4/27/16,US0001
VA,13,5/4/16,US0001
VA,15,5/11/16,US0001
VA,15,5/18/16,US0001
VA,15,5/25/16,US0001
VA,18,6/1/16,US0001
VA,20,6/8/16,US0001
VA,26,6/15/16,US0001
VA,27,6/22/16,US0001
VA,27,6/29/16,US0001
VA,33,7/6/16,US0001
VA,38,7/13/16,US0001
VA,48,7/27/16,US0001
VA,57,8/3/16,US0001
VA,58,8/10/16,US0001
VA,62,8/17/16,US0001
VA,66,8/24/16,US0001
VA,75,8/31/16,US0001
VA,78,9/7/16,US0001
VA,81,9/14/16,US0001
VA,0,2/24/16,US0002
VA,0,3/2/16,US0002
VA,0,3/9/16,US0002
VA,0,3/16/16,US0002
VA,0,3/23/16,US0002
VA,0,3/30/16,US0002
VA,0,4/6/16,US0002
VA,0,4/13/16,US0002
VA,0,4/20/16,US0002
VA,0,4/27/16,US0002
VA,0,5/4/16,US0002
VA,0,5/11/16,US0002
VA,0,5/18/16,US0002
VA,0,5/25/16,US0002
VA,0,6/1/16,US0002
VA,0,6/8/16,US0002
VA,0,6/15/16,US0002
VA,0,6/22/16,US0002
VA,0,6/29/16,US0002
VA,0,7/6/16,US0002
VA,0,7/13/16,US0002
VA,0,7/27/16,US0002
VA,0,8/3/16,US0002
VA,0,8/10/16,US0002
VA,0,8/17/16,US0002
VA,0,8/24/16,US0002
VA,0,8/31/16,US0002
VA,0,9/7/16,US0002
VA,0,9/14/16,US0002
WA,1,2/24/16,US0001
WA,1,3/2/16,US0001
WA,1,3/9/16,US0001
WA,2,3/16/16,US0001
WA,2,3/23/16,US0001
WA,2,3/30/16,US0001
WA,2,4/6/16,US0001
WA,2,4/13/16,US0001
WA,2,4/20/16,US0001
WA,2,4/27/16,US0001
WA,2,5/4/16,US0001
WA,2,5/11/16,US0001
WA,2,5/18/16,US0001
WA,3,5/25/16,US0001
WA,4,6/1/16,US0001
WA,4,6/8/16,US0001
WA,5,6/15/16,US0001
WA,5,6/22/16,US0001
WA,6,6/29/16,US0001
WA,9,7/6/16,US0001
WA,11,7/13/16,US0001
WA,14,7/27/16,US0001
WA,16,8/3/16,US0001
WA,16,8/10/16,US0001
WA,19,8/17/16,US0001
WA,21,8/24/16,US0001
WA,26,8/31/16,US0001
WA,28,9/7/16,US0001
WA,34,9/14/16,US0001
WA,0,2/24/16,US0002
WA,0,3/2/16,US0002
WA,0,3/9/16,US0002
WA,0,3/16/16,US0002
WA,0,3/23/16,US0002
WA,0,3/30/16,US0002
WA,0,4/6/16,US0002
WA,0,4/13/16,US0002
WA,0,4/20/16,US0002
WA,0,4/27/16,US0002
WA,0,5/4/16,US0002
WA,0,5/11/16,US0002
WA,0,5/18/16,US0002
WA,0,5/25/16,US0002
WA,0,6/1/16,US0002
WA,0,6/8/16,US0002
WA,0,6/15/16,US0002
WA,0,6/22/16,US0002
WA,0,6/29/16,US0002
WA,0,7/6/16,US0002
WA,0,7/13/16,US0002
WA,0,7/27/16,US0002
WA,0,8/3/16,US0002
WA,0,8/10/16,US0002
WA,0,8/17/16,US0002
WA,0,8/24/16,US0002
WA,0,8/31/16,US0002
WA,0,9/7/16,US0002
WA,0,9/14/16,US0002
WV,5,3/16/16,US0001
WV,5,3/23/16,US0001
WV,5,3/30/16,US0001
WV,5,4/6/16,US0001
WV,5,4/13/16,US0001
WV,5,4/20/16,US0001
WV,6,4/27/16,US0001
WV,6,5/4/16,US0001
WV,6,5/11/16,US0001
WV,6,5/18/16,US0001
WV,6,5/25/16,US0001
WV,6,6/1/16,US0001
WV,6,6/8/16,US0001
WV,6,6/15/16,US0001
WV,6,6/22/16,US0001
WV,6,6/29/16,US0001
WV,6,7/6/16,US0001
WV,7,7/13/16,US0001
WV,9,7/27/16,US0001
WV,9,8/3/16,US0001
WV,9,8/10/16,US0001
WV,10,8/17/16,US0001
WV,11,8/24/16,US0001
WV,11,8/31/16,US0001
WV,11,9/7/16,US0001
WV,11,9/14/16,US0001
WV,0,3/16/16,US0002
WV,0,3/23/16,US0002
WV,0,3/30/16,US0002
WV,0,4/6/16,US0002
WV,0,4/13/16,US0002
WV,0,4/20/16,US0002
WV,0,4/27/16,US0002
WV,0,5/4/16,US0002
WV,0,5/11/16,US0002
WV,0,5/18/16,US0002
WV,0,5/25/16,US0002
WV,0,6/1/16,US0002
WV,0,6/8/16,US0002
WV,0,6/15/16,US0002
WV,0,6/22/16,US0002
WV,0,6/29/16,US0002
WV,0,7/6/16,US0002
WV,0,7/13/16,US0002
WV,0,7/27/16,US0002
WV,0,8/3/16,US0002
WV,0,8/10/16,US0002
WV,0,8/17/16,US0002
WV,0,8/24/16,US0002
WV,0,8/31/16,US0002
WV,0,9/7/16,US0002
WV,0,9/14/16,US0002
WI,2,6/15/16,US0001
WI,2,6/22/16,US0001
WI,2,6/29/16,US0001
WI,2,7/6/16,US0001
WI,9,7/13/16,US0001
WI,11,7/27/16,US0001
WI,17,8/3/16,US0001
WI,17,8/10/16,US0001
WI,20,8/17/16,US0001
WI,21,8/24/16,US0001
WI,24,8/31/16,US0001
WI,24,9/7/16,US0001
WI,29,9/14/16,US0001
WI,0,6/15/16,US0002
WI,0,6/22/16,US0002
WI,0,6/29/16,US0002
WI,0,7/6/16,US0002
WI,0,7/13/16,US0002
WI,0,7/27/16,US0002
WI,0,8/3/16,US0002
WI,0,8/10/16,US0002
WI,0,8/17/16,US0002
WI,0,8/24/16,US0002
WI,0,8/31/16,US0002
WI,0,9/7/16,US0002
WI,0,9/14/16,US0002
WY,2,9/14/16,US0001
WY,0,9/14/16,US0002
,,,